{
    "image_path": "C:/Users/hp/Desktop/Python/Spatial-Plot/Layout Plan Image 2.png",
    "image_size": [
        4096,
        3316
    ],
    "plots": [
        {
            "id_auto": 1,
            "polygon_px": [
                [
                    1119.0,
                    2958.0
                ],
                [
                    403.0,
                    3020.0
                ],
                [
                    695.0,
                    3019.0
                ]
            ],
            "polygon_norm": [
                [
                    0.273193359375,
                    0.8920386007237636
                ],
                [
                    0.098388671875,
                    0.9107358262967431
                ],
                [
                    0.169677734375,
                    0.9104342581423401
                ]
            ],
            "centroid_px": [
                795,
                2993
            ],
            "contour_area_px": 9350.5,
            "bbox_px": [
                403,
                2958,
                717,
                64
            ],
            "plot_number_info": null
        },
        {
            "id_auto": 2,
            "polygon_px": [
                [
                    1899.0,
                    2942.0
                ],
                [
                    1338.0,
                    2948.0
                ],
                [
                    1337.0,
                    2960.0
                ],
                [
                    1897.0,
                    2955.0
                ]
            ],
            "polygon_norm": [
                [
                    0.463623046875,
                    0.8872135102533173
                ],
                [
                    0.32666015625,
                    0.8890229191797346
                ],
                [
                    0.326416015625,
                    0.8926417370325693
                ],
                [
                    0.463134765625,
                    0.8911338962605548
                ]
            ],
            "centroid_px": [
                1618,
                2951
            ],
            "contour_area_px": 7186.5,
            "bbox_px": [
                1337,
                2942,
                563,
                20
            ],
            "plot_number_info": null
        },
        {
            "id_auto": 3,
            "polygon_px": [
                [
                    71.0,
                    763.0
                ],
                [
                    72.0,
                    2490.0
                ],
                [
                    1892.0,
                    2517.0
                ],
                [
                    1859.0,
                    2768.0
                ],
                [
                    1363.0,
                    2855.0
                ],
                [
                    3924.0,
                    2820.0
                ],
                [
                    3042.0,
                    2740.0
                ],
                [
                    3200.0,
                    1814.0
                ],
                [
                    2452.0,
                    1650.0
                ],
                [
                    2454.0,
                    2016.0
                ],
                [
                    3082.0,
                    2017.0
                ],
                [
                    2931.0,
                    2739.0
                ],
                [
                    2142.0,
                    2764.0
                ],
                [
                    2139.0,
                    593.0
                ],
                [
                    2009.0,
                    1046.0
                ],
                [
                    1551.0,
                    598.0
                ],
                [
                    411.0,
                    930.0
                ]
            ],
            "polygon_norm": [
                [
                    0.017333984375,
                    0.23009650180940894
                ],
                [
                    0.017578125,
                    0.7509047044632087
                ],
                [
                    0.4619140625,
                    0.7590470446320868
                ],
                [
                    0.453857421875,
                    0.8347406513872135
                ],
                [
                    0.332763671875,
                    0.8609770808202654
                ],
                [
                    0.9580078125,
                    0.850422195416164
                ],
                [
                    0.74267578125,
                    0.8262967430639324
                ],
                [
                    0.78125,
                    0.5470446320868516
                ],
                [
                    0.5986328125,
                    0.49758745476477684
                ],
                [
                    0.59912109375,
                    0.6079613992762364
                ],
                [
                    0.75244140625,
                    0.6082629674306393
                ],
                [
                    0.715576171875,
                    0.8259951749095296
                ],
                [
                    0.52294921875,
                    0.8335343787696019
                ],
                [
                    0.522216796875,
                    0.17882991556091676
                ],
                [
                    0.490478515625,
                    0.31544028950542824
                ],
                [
                    0.378662109375,
                    0.18033775633293125
                ],
                [
                    0.100341796875,
                    0.2804583835946924
                ]
            ],
            "centroid_px": [
                1325,
                1696
            ],
            "contour_area_px": 4302949.5,
            "bbox_px": [
                70,
                579,
                3872,
                2278
            ],
            "plot_number_info": null
        },
        {
            "id_auto": 4,
            "polygon_px": [
                [
                    2983.0,
                    2632.0
                ],
                [
                    2992.0,
                    2632.0
                ],
                [
                    3002.0,
                    2646.0
                ],
                [
                    3022.0,
                    2710.0
                ],
                [
                    3022.0,
                    2723.0
                ],
                [
                    3011.0,
                    2736.0
                ],
                [
                    2992.0,
                    2739.0
                ],
                [
                    2992.0,
                    2760.0
                ],
                [
                    2975.0,
                    2759.0
                ],
                [
                    2976.0,
                    2735.0
                ],
                [
                    2960.0,
                    2736.0
                ],
                [
                    2951.0,
                    2729.0
                ],
                [
                    2958.0,
                    2682.0
                ]
            ],